go_struct,type_token,kind,members,enforce,evidence,evidence_ref,review,notes
PipeSpec,merge_files,external,output_file|output_files,validator,validator,jets/compute_pipes/actions_start_common.go:884,unreviewed,output_file must name an entry of the document's output_files; GetOutputFileConfig returns nil otherwise and the config is rejected. A cross-document reference: expressible in the schema only as a string.
PipeSpec,merge_files,requires,type|input_channel.type,schema,validator,jets/compute_pipes/actions_start_common.go:876,unreviewed,type=merge_files requires input_channel.type=stage.
OllamaSpec,*,one_of,prompt_template|prompt_template_name,schema,builder,jets/compute_pipes/pipe_transformation_ollama.go:969,unreviewed,"Exactly one: both set is an error, neither is an error. The if/then overlay can express this; (applicable, required) cannot."
OllamaSpec,*,external,prompt_template_name|prompt_templates,validator,builder,jets/compute_pipes/pipe_transformation_ollama.go:989,unreviewed,"prompt_template_name must match the key of a prompt_templates entry of the document. Cross-document, so the schema can only type it as a string."
TransformationSpec,ollama,requires,ollama_config.output_mapping|output_channel,prompt,builder,jets/compute_pipes/pipe_transformation_ollama.go:418,unreviewed,"Every output_mapping.column must be a column of the shared input/output channel spec. Needs the channel spec, so neither the schema nor the config validator can check it; the operator builder does, at DAG-build time. Recorded here rather than on OllamaSpec because output_channel is only reachable from the transformation."
TransformationSpec,ollama,external,output_channel|input_channel,prompt,builder,jets/compute_pipes/pipe_transformation_ollama.go:936,unreviewed,"The input and output channels must share the same channel spec: the operator augments the record in place. input_channel belongs to the enclosing PipeSpec, so this is a constraint no fragment-level check can see."
OllamaMappingSpec,*,requires,path|source,schema,builder,jets/compute_pipes/pipe_transformation_ollama.go:426,unreviewed,path is read only when source is response; with the other sources it is ignored rather than rejected. Candidate for applicable=no once reviewed.
InputChannelConfig,stage,external,schema_provider|schema_providers,validator,validator,jets/compute_pipes/actions_start_common.go:844,unreviewed,schema_provider must name an entry of the document's schema_providers.
InputChannelConfig,stage,external,type|pipe_position,prompt,validator,jets/compute_pipes/actions_start_common.go:838,unreviewed,"Only the first pipe of a step may read from a channel of type stage. Positional, so neither the schema nor a per-fragment check can express it."
